Drug Name,Drug ID,Cell Line Name,Cosmic ID,TCGA Classification,Tissue,Tissue Sub-type,IC50,AUC,Max Conc,RMSE,Z score
Camptothecin,1003,TE-5,735784,ESCA,aero_digestive_tract,oesophagus,-2.555310782,0.834075918,0.1,0.087242117,-0.161952499
Camptothecin,1003,EC-GI-10,753555,ESCA,aero_digestive_tract,oesophagus,-3.125664052,0.804941689,0.1,0.082367836,-0.472096346
Camptothecin,1003,HCE-4,753559,ESCA,aero_digestive_tract,oesophagus,-3.536140073,0.77867008,0.1,0.087080221,-0.695302943
Camptothecin,1003,KYSE-140,753573,ESCA,aero_digestive_tract,oesophagus,-0.402974355,0.960631606,0.1,0.085003744,1.008434232
Camptothecin,1003,KYSE-410,753574,ESCA,aero_digestive_tract,oesophagus,0.605862214,0.944779938,0.1,0.053906811,1.557014333
Camptothecin,1003,KYSE-520,753575,ESCA,aero_digestive_tract,oesophagus,1.809984528,0.967242308,0.1,0.058017081,2.211785939
Camptothecin,1003,KYSE-70,753576,ESCA,aero_digestive_tract,oesophagus,0.932680845,0.970118027,0.1,0.056888438,1.734730132
Camptothecin,1003,TE-15,753614,ESCA,aero_digestive_tract,oesophagus,-3.789219124,0.726350541,0.1,0.128538371,-0.832921002
Camptothecin,1003,TE-1,753621,ESCA,aero_digestive_tract,oesophagus,-1.379972403,0.897634362,0.1,0.082997212,0.477167123
Camptothecin,1003,TE-10,753622,ESCA,aero_digestive_tract,oesophagus,-3.215425661,0.803480998,0.1,0.113940562,-0.520906465
Camptothecin,1003,TE-8,753623,ESCA,aero_digestive_tract,oesophagus,-1.70436763,0.880597713,0.1,0.098189195,0.300769109
Camptothecin,1003,COLO-680N,906817,ESCA,aero_digestive_tract,oesophagus,0.176146323,0.944584105,0.1,0.081308377,1.323345576
Camptothecin,1003,KYSE-150,907317,ESCA,aero_digestive_tract,oesophagus,-2.695154032,0.833501865,0.1,0.09896301,-0.237995762
Camptothecin,1003,KYSE-180,907318,ESCA,aero_digestive_tract,oesophagus,-1.117451416,0.957776021,0.1,0.084791453,0.619919471
Camptothecin,1003,KYSE-270,907319,ESCA,aero_digestive_tract,oesophagus,-2.958731835,0.820405371,0.1,0.101827611,-0.38132278
Camptothecin,1003,KYSE-450,907320,ESCA,aero_digestive_tract,oesophagus,-1.047473616,0.925482007,0.1,0.072827148,0.657971649
Camptothecin,1003,KYSE-510,907321,ESCA,aero_digestive_tract,oesophagus,-2.573845908,0.87408267,0.1,0.136331038,-0.172031437
Camptothecin,1003,OE19,910079,ESCA,aero_digestive_tract,oesophagus,1.029547455,0.97444884,0.1,0.089003658,1.787403773
Camptothecin,1003,OE33,910549,ESCA,aero_digestive_tract,oesophagus,-2.215883041,0.842411663,0.1,0.103643739,0.022619819
Camptothecin,1003,TE-9,946353,ESCA,aero_digestive_tract,oesophagus,-0.918767446,0.949324669,0.1,0.075661595,0.727958846
Camptothecin,1003,TE-11,946354,ESCA,aero_digestive_tract,oesophagus,-3.193600426,0.813907773,0.1,0.107772616,-0.509038447
Camptothecin,1003,TE-6,946355,ESCA,aero_digestive_tract,oesophagus,1.324286096,0.977099179,0.1,0.070953127,1.947675276
Camptothecin,1003,TE-12,946356,ESCA,aero_digestive_tract,oesophagus,0.196652375,0.947153408,0.1,0.065202828,1.334496254
Camptothecin,1003,KYSE-220,1240167,ESCA,aero_digestive_tract,oesophagus,-3.330730994,0.77717391,0.1,0.112834291,-0.583606622
Camptothecin,1003,KYSE-50,1298222,ESCA,aero_digestive_tract,oesophagus,-0.275492477,0.969888123,0.1,0.073505091,1.077755689
Camptothecin,1003,OE21,1298359,ESCA,aero_digestive_tract,oesophagus,-0.960179069,0.926901024,0.1,0.062090031,0.705440241
Camptothecin,1003,T-T,1299064,ESCA,aero_digestive_tract,oesophagus,-1.62175792,0.923549442,0.1,0.084416846,0.345690204
Camptothecin,1003,FLO-1,1503361,ESCA,aero_digestive_tract,oesophagus,-1.655131603,0.893040866,0.1,0.080218182,0.32754243
Camptothecin,1003,OACp4C,1503362,ESCA,aero_digestive_tract,oesophagus,-1.823212114,0.89851401,0.1,0.061960283,0.23614445
Camptothecin,1003,OACM5-1,1503363,ESCA,aero_digestive_tract,oesophagus,-2.73417342,0.815789637,0.1,0.107270156,-0.25921353
Camptothecin,1003,SK-GT-4,1503365,ESCA,aero_digestive_tract,oesophagus,2.43634752,0.9606483,0.1,0.060616677,2.552386472
Camptothecin,1003,ESO26,1503366,ESCA,aero_digestive_tract,oesophagus,-1.399143736,0.919150766,0.1,0.134869478,0.466742231
Camptothecin,1003,ESO51,1503367,ESCA,aero_digestive_tract,oesophagus,-2.214335478,0.857780056,0.1,0.093359225,0.023461345
Camptothecin,1003,KYAE-1,1503368,ESCA,aero_digestive_tract,oesophagus,1.304644905,0.993734274,0.1,0.046148691,1.936994887
Camptothecin,1003,TE-4,1503371,ESCA,aero_digestive_tract,oesophagus,-1.149736748,0.952468348,0.1,0.080409662,0.602363515
Camptothecin,1003,AGS,906790,STAD,digestive_system,stomach,-3.262314521,0.794273667,0.1,0.075628054,-0.546403454
Camptothecin,1003,GCIY,906869,STAD,digestive_system,stomach,-2.464241811,0.815728009,0.1,0.102461847,-0.11243147
Camptothecin,1003,HGC-27,907055,STAD,digestive_system,stomach,-2.885984516,0.84491035,0.1,0.178658255,-0.341764608
Camptothecin,1003,KATOIII,907276,STAD,digestive_system,stomach,2.272485008,0.974031584,0.1,0.052653858,2.463282135
Camptothecin,1003,MKN28,908139,STAD,digestive_system,stomach,1.190557385,0.975408027,0.1,0.046791875,1.874956946
Camptothecin,1003,SNU-1,908444,STAD,digestive_system,stomach,-3.322942955,0.795138441,0.1,0.091372851,-0.57937168
Camptothecin,1003,SNU-5,908445,STAD,digestive_system,stomach,-4.784817899,0.624665548,0.1,0.156558461,-1.374302722
Camptothecin,1003,SNU-16,908446,STAD,digestive_system,stomach,-3.58475979,0.785176053,0.1,0.153602108,-0.721741129
Camptothecin,1003,NUGC-3,908455,STAD,digestive_system,stomach,-4.149413944,0.682153292,0.1,0.138547363,-1.028785939
Camptothecin,1003,NCI-N87,908461,STAD,digestive_system,stomach,-1.095736852,0.885874202,0.1,0.091373532,0.631727308
Camptothecin,1003,RF-48,909697,STAD,digestive_system,stomach,-3.796823082,0.738930522,0.1,0.110754083,-0.837055844
Camptothecin,1003,TGBC11TKB,909770,STAD,digestive_system,stomach,-1.458522094,0.913022611,0.1,0.111323501,0.434453765
Camptothecin,1003,23132-87,910924,STAD,digestive_system,stomach,-2.756992482,0.835946894,0.1,0.103962889,-0.271621965
Camptothecin,1003,MKN7,924250,STAD,digestive_system,stomach,1.057848314,0.96480322,0.1,0.074679961,1.802793072
Camptothecin,1003,MKN45,925340,STAD,digestive_system,stomach,-2.249649876,0.839279216,0.1,0.098485947,0.004258259
Camptothecin,1003,Hs-746T,1240151,STAD,digestive_system,stomach,-0.749188667,0.916118636,0.1,0.090547706,0.820171546
Camptothecin,1003,IM-95,1240155,STAD,digestive_system,stomach,-0.475003751,0.956873096,0.1,0.080215389,0.969266447
Camptothecin,1003,RERF-GC-1B,1240209,STAD,digestive_system,stomach,-1.770220273,0.899978631,0.1,0.085474168,0.264960089
Camptothecin,1003,FU97,1290806,STAD,digestive_system,stomach,-0.074039732,0.942898641,0.1,0.085643994,1.187300655
Camptothecin,1003,NUGC-4,1298357,STAD,digestive_system,stomach,-0.014391358,0.921423999,0.1,0.079873621,1.219735949
Camptothecin,1003,OCUM-1,1298358,STAD,digestive_system,stomach,-2.448345904,0.821194318,0.1,0.099437414,-0.103787673
Camptothecin,1003,TMK-1,1299069,STAD,digestive_system,stomach,-0.908511246,0.941978582,0.1,0.065882675,0.733535911
Camptothecin,1003,HSC-39,1322224,STAD,digestive_system,stomach,-4.51242404,0.67496968,0.1,0.136034978,-1.226181752
Camptothecin,1003,SK-GT-2,1503364,STAD,digestive_system,stomach,-0.418539709,0.959906948,0.1,0.086897797,0.999970181
Camptothecin,1003,HCT-116,905936,COREAD,digestive_system,large_intestine,-2.985426036,0.825629944,0.1,0.109914844,-0.395838419
Camptothecin,1003,HCT-15,905937,COREAD,digestive_system,large_intestine,-2.749054236,0.836713158,0.1,0.11741586,-0.267305345
Camptothecin,1003,HT-29,905939,COREAD,digestive_system,large_intestine,-2.124500108,0.862412839,0.1,0.132732197,0.072311573
Camptothecin,1003,COLO-205,905961,COREAD,digestive_system,large_intestine,-1.287468574,0.917275116,0.1,0.112259904,0.527468392
Camptothecin,1003,SW620,905962,COREAD,digestive_system,large_intestine,-3.182535009,0.767875028,0.1,0.100149595,-0.503021351
Camptothecin,1003,HCC2998,905971,COREAD,digestive_system,large_intestine,-1.402699054,0.940381128,0.1,0.125575054,0.464808938
Camptothecin,1003,KM12,905989,COREAD,digestive_system,large_intestine,-2.014425298,0.881092323,0.1,0.079779474,0.132167502
Camptothecin,1003,HT55,907287,COREAD,digestive_system,large_intestine,-0.48957925,0.940401188,0.1,0.081094892,0.961340655
Camptothecin,1003,HT-115,907289,COREAD,digestive_system,large_intestine,-1.347094633,0.937479606,0.1,0.095501058,0.495045232
Camptothecin,1003,GP5d,907291,COREAD,digestive_system,large_intestine,-3.133378639,0.813776685,0.1,0.141827571,-0.476291346
Camptothecin,1003,LoVo,907790,COREAD,digestive_system,large_intestine,-3.043300774,0.780530738,0.1,0.11175491,-0.427309255
Camptothecin,1003,LS-123,907792,COREAD,digestive_system,large_intestine,0.219200389,0.919489838,0.1,0.089196394,1.3467573
Camptothecin,1003,LS-411N,907794,COREAD,digestive_system,large_intestine,-0.268272528,0.945014088,0.1,0.094334298,1.081681717
Camptothecin,1003,LS-513,907795,COREAD,digestive_system,large_intestine,-3.16024598,0.78965079,0.1,0.083199111,-0.490901134
Camptothecin,1003,NCI-H508,908442,COREAD,digestive_system,large_intestine,-3.230530915,0.780282119,0.1,0.109893846,-0.529120324
Camptothecin,1003,NCI-H747,908457,COREAD,digestive_system,large_intestine,-0.70413923,0.901630137,0.1,0.080157048,0.844668303
Camptothecin,1003,NCI-H716,908458,COREAD,digestive_system,large_intestine,0.3359865,0.961629819,0.1,0.07559478,1.410262668
Camptothecin,1003,RCM-1,909263,COREAD,digestive_system,large_intestine,-1.608704752,0.866749834,0.1,0.128200477,0.352788191
Camptothecin,1003,RKO,909698,COREAD,digestive_system,large_intestine,-3.545974879,0.771171837,0.1,0.096400065,-0.700650864
Camptothecin,1003,SK-CO-1,909718,COREAD,digestive_system,large_intestine,-5.232563288,0.565045036,0.1,0.133571837,-1.617775469
Camptothecin,1003,SNU-C2B,909740,COREAD,digestive_system,large_intestine,0.238851138,0.933081071,0.1,0.074352946,1.357442886
Camptothecin,1003,SW1116,909746,COREAD,digestive_system,large_intestine,0.012045523,0.957940191,0.1,0.061191118,1.234111664
Camptothecin,1003,SW1417,909747,COREAD,digestive_system,large_intestine,0.809215226,0.914182683,0.1,0.081664994,1.667592616
Camptothecin,1003,SW1463,909748,COREAD,digestive_system,large_intestine,-2.092154078,0.871668396,0.1,0.122747683,0.089900535
Camptothecin,1003,SW48,909751,COREAD,digestive_system,large_intestine,-3.644985955,0.73359221,0.1,0.105489528,-0.754490611
Camptothecin,1003,SW837,909755,COREAD,digestive_system,large_intestine,-0.931293144,0.927866003,0.1,0.074087827,0.721147685
Camptothecin,1003,SW948,909757,COREAD,digestive_system,large_intestine,-2.161688903,0.86199374,0.1,0.122624799,0.052089236
Camptothecin,1003,T84,909761,COREAD,digestive_system,large_intestine,-2.218002817,0.872307792,0.1,0.106136474,0.021467138
Camptothecin,1003,CW-2,910554,COREAD,digestive_system,large_intestine,-2.256798447,0.882479835,0.1,0.081363152,0.000371044
Camptothecin,1003,COLO-320-HSR,910569,COREAD,digestive_system,large_intestine,-1.334406915,0.951367103,0.1,0.097336347,0.501944495
Camptothecin,1003,COLO-678,910689,COREAD,digestive_system,large_intestine,3.712453298,0.971417686,0.1,0.050961533,3.246300885
Camptothecin,1003,C2BBe1,910700,COREAD,digestive_system,large_intestine,0.342885076,0.936299896,0.1,0.083077353,1.41401394
Camptothecin,1003,SNU-C1,910905,COREAD,digestive_system,large_intestine,0.803669852,0.966930714,0.1,0.100003105,1.66457718
Camptothecin,1003,LS-1034,917486,COREAD,digestive_system,large_intestine,-1.280962836,0.933305742,0.1,0.084536983,0.531006049
Camptothecin,1003,CaR-1,924108,COREAD,digestive_system,large_intestine,-2.723082274,0.832315372,0.1,0.108098993,-0.253182442
Camptothecin,1003,LS-180,998189,COREAD,digestive_system,large_intestine,-3.01523162,0.789350659,0.1,0.107447867,-0.412045951
Camptothecin,1003,CCK-81,1240123,COREAD,digestive_system,large_intestine,-2.549150124,0.859962554,0.1,0.0779114,-0.158602488
Camptothecin,1003,MDST8,1240173,COREAD,digestive_system,large_intestine,-3.737908569,0.743768534,0.1,0.099421518,-0.805019606
Camptothecin,1003,CL-11,1290769,COREAD,digestive_system,large_intestine,-1.961785608,0.829791683,0.1,0.092335619,0.16079165
Camptothecin,1003,SNU-1040,1659823,COREAD,digestive_system,large_intestine,0.766228411,0.977865759,0.1,0.086205288,1.644217461
Camptothecin,1003,SNU-175,1659928,COREAD,digestive_system,large_intestine,-2.833725384,0.832133136,0.1,0.11847883,-0.313347398
Camptothecin,1003,SNU-407,1660034,COREAD,digestive_system,large_intestine,-1.611082206,0.898906586,0.1,0.079776221,0.35149539
Camptothecin,1003,SNU-61,1660035,COREAD,digestive_system,large_intestine,1.350655267,0.984589678,0.1,0.047638545,1.962014172
Camptothecin,1003,SNU-81,1660036,COREAD,digestive_system,large_intestine,0.075422156,0.984215106,0.1,0.048944105,1.268574293
Camptothecin,1003,SNU-C5,1674021,COREAD,digestive_system,large_intestine,-2.420719479,0.835806706,0.1,0.080618915,-0.088765114
Cisplatin,1005,TE-5,735784,ESCA,aero_digestive_tract,oesophagus,3.165985796,0.932565179,8,0.070331266,-0.037486903
Cisplatin,1005,EC-GI-10,753555,ESCA,aero_digestive_tract,oesophagus,2.68396525,0.930332413,8,0.084715617,-0.29728842
Cisplatin,1005,KYSE-140,753573,ESCA,aero_digestive_tract,oesophagus,0.879625896,0.804595835,8,0.12414455,-1.269799047
Cisplatin,1005,KYSE-410,753574,ESCA,aero_digestive_tract,oesophagus,6.2241049,0.974658894,8,0.065783911,1.610791355
Cisplatin,1005,KYSE-520,753575,ESCA,aero_digestive_tract,oesophagus,7.398535911,0.98488973,8,0.041384436,2.24379126
Cisplatin,1005,KYSE-70,753576,ESCA,aero_digestive_tract,oesophagus,6.527705902,0.988279294,8,0.032967682,1.774427536
Cisplatin,1005,TE-15,753614,ESCA,aero_digestive_tract,oesophagus,2.178375703,0.906456932,8,0.068577297,-0.569793261
Cisplatin,1005,TE-1,753621,ESCA,aero_digestive_tract,oesophagus,3.816479352,0.945617752,8,0.077005308,0.313118927
Cisplatin,1005,TE-8,753623,ESCA,aero_digestive_tract,oesophagus,4.421932103,0.961629595,8,0.063328806,0.639448468
Cisplatin,1005,COLO-680N,906817,ESCA,aero_digestive_tract,oesophagus,4.657162672,0.956821876,8,0.063045933,0.766234058
Cisplatin,1005,KYSE-150,907317,ESCA,aero_digestive_tract,oesophagus,3.250109517,0.94457054,8,0.069653857,0.007854464
Cisplatin,1005,KYSE-180,907318,ESCA,aero_digestive_tract,oesophagus,2.603525575,0.945897415,8,0.056742483,-0.340644144
Cisplatin,1005,KYSE-270,907319,ESCA,aero_digestive_tract,oesophagus,2.409476992,0.917188706,8,0.084608728,-0.445233289
Cisplatin,1005,KYSE-450,907320,ESCA,aero_digestive_tract,oesophagus,3.917885471,0.957943182,8,0.082936098,0.367775236
Cisplatin,1005,OE19,910079,ESCA,aero_digestive_tract,oesophagus,3.781688549,0.947056097,8,0.079867894,0.29436723
Cisplatin,1005,OE33,910549,ESCA,aero_digestive_tract,oesophagus,3.163762417,0.918166522,8,0.081897664,-0.038685269
Cisplatin,1005,TE-9,946353,ESCA,aero_digestive_tract,oesophagus,3.289568605,0.95577831,8,0.0939335,0.029122294
Cisplatin,1005,TE-6,946355,ESCA,aero_digestive_tract,oesophagus,4.446236966,0.96180899,8,0.073777355,0.652548409
Cisplatin,1005,KYSE-220,1240167,ESCA,aero_digestive_tract,oesophagus,0.820540054,0.794056669,8,0.0928151,-1.30164539
Cisplatin,1005,KYSE-50,1298222,ESCA,aero_digestive_tract,oesophagus,4.617969175,0.984659269,8,0.046266212,0.745109377
Cisplatin,1005,OE21,1298359,ESCA,aero_digestive_tract,oesophagus,3.649054679,0.948591362,8,0.058878871,0.222879653
Cisplatin,1005,T-T,1299064,ESCA,aero_digestive_tract,oesophagus,4.00685956,0.976740431,8,0.068874605,0.415730874
Cisplatin,1005,FLO-1,1503361,ESCA,aero_digestive_tract,oesophagus,3.019430082,0.926010894,8,0.079060885,-0.116478135
Cisplatin,1005,OACp4C,1503362,ESCA,aero_digestive_tract,oesophagus,2.52892262,0.91753895,8,0.068255446,-0.380853968
Cisplatin,1005,OACM5-1,1503363,ESCA,aero_digestive_tract,oesophagus,3.037618044,0.923661635,8,0.08019595,-0.106675109
Cisplatin,1005,SK-GT-4,1503365,ESCA,aero_digestive_tract,oesophagus,7.070160678,0.969843805,8,0.032222385,2.066802157
Cisplatin,1005,ESO26,1503366,ESCA,aero_digestive_tract,oesophagus,3.185344776,0.943502385,8,0.087824264,-0.027052716
Cisplatin,1005,ESO51,1503367,ESCA,aero_digestive_tract,oesophagus,4.103032486,0.96050624,8,0.077966988,0.467566574
Cisplatin,1005,KYAE-1,1503368,ESCA,aero_digestive_tract,oesophagus,4.478555893,0.986821352,8,0.085747307,0.669967804
Cisplatin,1005,TE-4,1503371,ESCA,aero_digestive_tract,oesophagus,3.800571317,0.977725874,8,0.064239275,0.304544745
Cisplatin,1005,AGS,906790,STAD,digestive_system,stomach,2.592398768,0.928582481,8,0.09282526,-0.346641319
Cisplatin,1005,GCIY,906869,STAD,digestive_system,stomach,2.376795678,0.871428116,8,0.094257617,-0.462848005
Cisplatin,1005,HGC-27,907055,STAD,digestive_system,stomach,3.2037754,0.965224417,8,0.072237283,-0.017118898
Cisplatin,1005,KATOIII,907276,STAD,digestive_system,stomach,7.091791948,0.982660467,8,0.025727599,2.078461072
Cisplatin,1005,MKN28,908139,STAD,digestive_system,stomach,5.460738243,0.979001081,8,0.059669106,1.199348693
Cisplatin,1005,SNU-1,908444,STAD,digestive_system,stomach,3.02051676,0.952981515,8,0.064401132,-0.115892432
Cisplatin,1005,SNU-5,908445,STAD,digestive_system,stomach,1.391288556,0.858201779,8,0.10119865,-0.994020895
Cisplatin,1005,SNU-16,908446,STAD,digestive_system,stomach,2.034948115,0.928409472,8,0.115238811,-0.647098483
Cisplatin,1005,NUGC-3,908455,STAD,digestive_system,stomach,-0.541025262,0.647346293,8,0.112347569,-2.035507751
Cisplatin,1005,NCI-N87,908461,STAD,digestive_system,stomach,4.143377658,0.934616049,8,0.094042442,0.489311989
Cisplatin,1005,RF-48,909697,STAD,digestive_system,stomach,2.014661114,0.897475688,8,0.10089211,-0.658032858
Cisplatin,1005,TGBC11TKB,909770,STAD,digestive_system,stomach,4.446525296,0.973772985,8,0.097375174,0.652703814
Cisplatin,1005,23132-87,910924,STAD,digestive_system,stomach,3.955511914,0.969843025,8,0.063920463,0.388055298
Cisplatin,1005,MKN7,924250,STAD,digestive_system,stomach,5.621010775,0.972539792,8,0.030894085,1.285733076
Cisplatin,1005,MKN45,925340,STAD,digestive_system,stomach,4.883255586,0.966751279,8,0.064261986,0.888094594
Cisplatin,1005,Hs-746T,1240151,STAD,digestive_system,stomach,6.384332331,0.984101541,8,0.056920868,1.697151429
Cisplatin,1005,IM-95,1240155,STAD,digestive_system,stomach,4.565027784,0.978812673,8,0.046366443,0.716574797
Cisplatin,1005,RERF-GC-1B,1240209,STAD,digestive_system,stomach,3.154192863,0.942841674,8,0.064639499,-0.043843108
Cisplatin,1005,FU97,1290806,STAD,digestive_system,stomach,4.450158123,0.956901089,8,0.074541225,0.654661851
Cisplatin,1005,NUGC-4,1298357,STAD,digestive_system,stomach,5.828482991,0.965900753,8,0.055669281,1.397557348
Cisplatin,1005,OCUM-1,1298358,STAD,digestive_system,stomach,5.148493244,0.969082181,8,0.068345627,1.031053534
Cisplatin,1005,HSC-39,1322224,STAD,digestive_system,stomach,2.002601203,0.943215819,8,0.087720639,-0.664532961
Cisplatin,1005,SK-GT-2,1503364,STAD,digestive_system,stomach,2.934423309,0.937796672,8,0.071724254,-0.162295453
Cisplatin,1005,HCT-116,905936,COREAD,digestive_system,large_intestine,2.67028259,0.936557281,8,0.095256141,-0.30466316
Cisplatin,1005,HCT-15,905937,COREAD,digestive_system,large_intestine,3.285206551,0.951569862,8,0.086879107,0.026771215
Cisplatin,1005,HT-29,905939,COREAD,digestive_system,large_intestine,4.804654227,0.973357616,8,0.081405283,0.845729694
Cisplatin,1005,COLO-205,905961,COREAD,digestive_system,large_intestine,4.505874719,0.972265699,8,0.071343568,0.684692223
Cisplatin,1005,SW620,905962,COREAD,digestive_system,large_intestine,3.436477954,0.928857705,8,0.06776319,0.10830413
Cisplatin,1005,HCC2998,905971,COREAD,digestive_system,large_intestine,2.936369167,0.953019432,8,0.088129567,-0.161246666
Cisplatin,1005,KM12,905989,COREAD,digestive_system,large_intestine,3.371559519,0.946837185,8,0.084144958,0.073314111
Cisplatin,1005,HT55,907287,COREAD,digestive_system,large_intestine,5.170752006,0.977555271,8,0.068166646,1.043050658
Cisplatin,1005,GP5d,907291,COREAD,digestive_system,large_intestine,3.212454144,0.958672057,8,0.084800647,-0.012441192
Cisplatin,1005,LoVo,907790,COREAD,digestive_system,large_intestine,3.41354902,0.928694843,8,0.101737147,0.095945794
Cisplatin,1005,LS-123,907792,COREAD,digestive_system,large_intestine,6.596301279,0.970758844,8,0.046891134,1.811399369
Cisplatin,1005,LS-411N,907794,COREAD,digestive_system,large_intestine,5.067056871,0.974519595,8,0.059444969,0.987160606
Cisplatin,1005,LS-513,907795,COREAD,digestive_system,large_intestine,2.91914723,0.940307488,8,0.084228985,-0.17052902
Cisplatin,1005,NCI-H747,908457,COREAD,digestive_system,large_intestine,5.569772931,0.965502175,8,0.050418693,1.258116681
Cisplatin,1005,NCI-H716,908458,COREAD,digestive_system,large_intestine,4.527176072,0.965533821,8,0.096790191,0.696173318
Cisplatin,1005,RCM-1,909263,COREAD,digestive_system,large_intestine,4.715206683,0.955043703,8,0.060754165,0.79751887
Cisplatin,1005,RKO,909698,COREAD,digestive_system,large_intestine,2.819662392,0.943840008,8,0.061998961,-0.224149789
Cisplatin,1005,SK-CO-1,909718,COREAD,digestive_system,large_intestine,-0.471326917,0.660913407,8,0.100675615,-1.997941436
Cisplatin,1005,SNU-C2B,909740,COREAD,digestive_system,large_intestine,4.892052081,0.950511716,8,0.076734101,0.892835767
Cisplatin,1005,SW1116,909746,COREAD,digestive_system,large_intestine,5.3300904,0.981341856,8,0.064391099,1.128931554
Cisplatin,1005,SW1417,909747,COREAD,digestive_system,large_intestine,7.311201595,0.965756551,8,0.054482164,2.196719432
Cisplatin,1005,SW1463,909748,COREAD,digestive_system,large_intestine,4.610491431,0.973941197,8,0.060867427,0.741078991
Cisplatin,1005,SW48,909751,COREAD,digestive_system,large_intestine,2.396224615,0.891403387,8,0.096525547,-0.452376113
Cisplatin,1005,SW837,909755,COREAD,digestive_system,large_intestine,4.271130105,0.964330818,8,0.071998206,0.558168556
Cisplatin,1005,SW948,909757,COREAD,digestive_system,large_intestine,3.470345673,0.942651585,8,0.086736069,0.1265583
Cisplatin,1005,T84,909761,COREAD,digestive_system,large_intestine,3.90853574,0.965362599,8,0.080210884,0.362735877
Cisplatin,1005,CW-2,910554,COREAD,digestive_system,large_intestine,2.568463233,0.929938833,8,0.096989427,-0.359542197
Cisplatin,1005,COLO-320-HSR,910569,COREAD,digestive_system,large_intestine,2.110349078,0.922886036,8,0.086189254,-0.606458545
Cisplatin,1005,COLO-678,910689,COREAD,digestive_system,large_intestine,8.385916022,0.978131985,8,0.044650548,2.775973661
Cisplatin,1005,C2BBe1,910700,COREAD,digestive_system,large_intestine,4.287713798,0.935030308,8,0.075051282,0.567106906
Cisplatin,1005,SNU-C1,910905,COREAD,digestive_system,large_intestine,5.944965064,0.982779861,8,0.07768071,1.460339359
Cisplatin,1005,LS-1034,917486,COREAD,digestive_system,large_intestine,4.597441598,0.982318228,8,0.075660537,0.734045335
Cisplatin,1005,CaR-1,924108,COREAD,digestive_system,large_intestine,5.103109092,0.984187528,8,0.054933058,1.006592187
Cisplatin,1005,LS-180,998189,COREAD,digestive_system,large_intestine,3.01426253,0.919110984,8,0.086673601,-0.119263365
Cisplatin,1005,CCK-81,1240123,COREAD,digestive_system,large_intestine,3.883024054,0.972392228,8,0.058582,0.348985478
Cisplatin,1005,MDST8,1240173,COREAD,digestive_system,large_intestine,2.347579097,0.913495912,8,0.061949735,-0.478595284
Cisplatin,1005,CL-11,1290769,COREAD,digestive_system,large_intestine,3.922437746,0.92035809,8,0.086857559,0.37022884
Cisplatin,1005,SNU-175,1659928,COREAD,digestive_system,large_intestine,2.10237637,0.900233708,8,0.119821306,-0.61075571
Cisplatin,1005,SNU-407,1660034,COREAD,digestive_system,large_intestine,2.424350823,0.900830191,8,0.10828912,-0.437216527
Cisplatin,1005,SNU-61,1660035,COREAD,digestive_system,large_intestine,5.834802954,0.988792979,8,0.054192827,1.400963709
Cisplatin,1005,SNU-C5,1674021,COREAD,digestive_system,large_intestine,3.359532205,0.932178774,8,0.099988112,0.066831578
Cisplatin,1005,DiFi,1789883,COREAD,digestive_system,large_intestine,3.73497016,0.95698101,8,0.059318907,0.26918675
Cytarabine,1006,TE-5,735784,ESCA,aero_digestive_tract,oesophagus,1.280672677,0.89045259,2,0.054540927,-0.120652791
Cytarabine,1006,EC-GI-10,753555,ESCA,aero_digestive_tract,oesophagus,0.294295909,0.842446306,2,0.131290092,-0.553495551
Cytarabine,1006,KYSE-140,753573,ESCA,aero_digestive_tract,oesophagus,0.270341338,0.837304022,2,0.079357111,-0.564007318
Cytarabine,1006,KYSE-410,753574,ESCA,aero_digestive_tract,oesophagus,5.127969818,0.973359381,2,0.065390307,1.567621679
Cytarabine,1006,KYSE-520,753575,ESCA,aero_digestive_tract,oesophagus,6.012724692,0.981699002,2,0.059458088,1.955870626
Cytarabine,1006,KYSE-70,753576,ESCA,aero_digestive_tract,oesophagus,4.785552877,0.981874049,2,0.048387124,1.417361962
Cytarabine,1006,TE-1,753621,ESCA,aero_digestive_tract,oesophagus,4.576979315,0.980309756,2,0.093778158,1.32583552
Cytarabine,1006,TE-8,753623,ESCA,aero_digestive_tract,oesophagus,2.154201886,0.922873775,2,0.059368647,0.2626701
Cytarabine,1006,COLO-680N,906817,ESCA,aero_digestive_tract,oesophagus,3.754355227,0.958878993,2,0.071131538,0.964850861
Cytarabine,1006,KYSE-150,907317,ESCA,aero_digestive_tract,oesophagus,3.145309341,0.969414346,2,0.055672381,0.697588785
Cytarabine,1006,KYSE-180,907318,ESCA,aero_digestive_tract,oesophagus,2.51903544,0.975665179,2,0.134375161,0.422766696
Cytarabine,1006,KYSE-270,907319,ESCA,aero_digestive_tract,oesophagus,1.689090587,0.931306889,2,0.050740448,0.058569532
Cytarabine,1006,KYSE-450,907320,ESCA,aero_digestive_tract,oesophagus,2.416179179,0.943315972,2,0.056219432,0.377631217
Cytarabine,1006,OE19,910079,ESCA,aero_digestive_tract,oesophagus,2.576052786,0.940681462,2,0.114898321,0.4477871
Cytarabine,1006,OE33,910549,ESCA,aero_digestive_tract,oesophagus,1.033215008,0.859074404,2,0.086712611,-0.229242392
Cytarabine,1006,TE-9,946353,ESCA,aero_digestive_tract,oesophagus,2.90798649,0.972276178,2,0.046504173,0.593446554
Cytarabine,1006,TE-6,946355,ESCA,aero_digestive_tract,oesophagus,4.308890202,0.976948039,2,0.069923038,1.208192409
Cytarabine,1006,KYSE-220,1240167,ESCA,aero_digestive_tract,oesophagus,-0.738048597,0.73664581,2,0.121505232,-1.006509916
Cytarabine,1006,KYSE-50,1298222,ESCA,aero_digestive_tract,oesophagus,3.76069623,0.986594012,2,0.031453482,0.967633426
Cytarabine,1006,OE21,1298359,ESCA,aero_digestive_tract,oesophagus,2.522590388,0.944821086,2,0.062831864,0.424326682
Cytarabine,1006,T-T,1299064,ESCA,aero_digestive_tract,oesophagus,1.041680567,0.904717502,2,0.126925881,-0.225527528
Cytarabine,1006,FLO-1,1503361,ESCA,aero_digestive_tract,oesophagus,1.478797025,0.90057289,2,0.093638146,-0.033711682
Cytarabine,1006,OACp4C,1503362,ESCA,aero_digestive_tract,oesophagus,2.915352822,0.966781967,2,0.057258313,0.596679054
Cytarabine,1006,OACM5-1,1503363,ESCA,aero_digestive_tract,oesophagus,0.766481208,0.853560474,2,0.107799683,-0.346290764
Cytarabine,1006,SK-GT-4,1503365,ESCA,aero_digestive_tract,oesophagus,4.832205586,0.950021549,2,0.030669384,1.437834147
Cytarabine,1006,ESO26,1503366,ESCA,aero_digestive_tract,oesophagus,0.058709411,0.814497529,2,0.084375158,-0.656875835
Cytarabine,1006,ESO51,1503367,ESCA,aero_digestive_tract,oesophagus,1.397700061,0.89586806,2,0.08122372,-0.069298726
Cytarabine,1006,KYAE-1,1503368,ESCA,aero_digestive_tract,oesophagus,3.647619533,0.988928318,2,0.014363341,0.918013006
Cytarabine,1006,TE-4,1503371,ESCA,aero_digestive_tract,oesophagus,2.153740598,0.962842202,2,0.038105781,0.262467677
Cytarabine,1006,AGS,906790,STAD,digestive_system,stomach,-0.3973281,0.7812768,2,0.07077908,-0.8569946
Cytarabine,1006,GCIY,906869,STAD,digestive_system,stomach,2.12985662,0.90783892,2,0.05498724,0.25198689
Cytarabine,1006,HGC-27,907055,STAD,digestive_system,stomach,1.14934923,0.92208906,2,0.09872536,-0.1782803
Cytarabine,1006,KATOIII,907276,STAD,digestive_system,stomach,3.19114977,0.93145913,2,0.06044199,0.71770452
Cytarabine,1006,MKN28,908139,STAD,digestive_system,stomach,4.14181829,0.97475417,2,0.03090666,1.13487776
Cytarabine,1006,SNU-1,908444,STAD,digestive_system,stomach,-0.8764313,0.73591872,2,0.06370031,-1.0672351
Cytarabine,1006,SNU-5,908445,STAD,digestive_system,stomach,0.05552994,0.82938797,2,0.07014117,-0.6582711
Cytarabine,1006,SNU-16,908446,STAD,digestive_system,stomach,-0.4114856,0.80531061,2,0.0725783,-0.8632072
Cytarabine,1006,NUGC-3,908455,STAD,digestive_system,stomach,-0.1578301,0.77989993,2,0.05947228,-0.7518979
Cytarabine,1006,NCI-N87,908461,STAD,digestive_system,stomach,2.188418,0.89912225,2,0.09230642,0.27768485
Cytarabine,1006,RF-48,909697,STAD,digestive_system,stomach,2.06411706,0.94895184,2,0.0660246,0.22313899
Cytarabine,1006,TGBC11TKB,909770,STAD,digestive_system,stomach,1.87446955,0.92877359,2,0.03392439,0.1399177
Cytarabine,1006,23132-87,910924,STAD,digestive_system,stomach,0.06414746,0.82087707,2,0.09734863,-0.6544895
Cytarabine,1006,MKN7,924250,STAD,digestive_system,stomach,4.51307377,0.97240289,2,0.07976734,1.29779243
Cytarabine,1006,MKN45,925340,STAD,digestive_system,stomach,0.91620219,0.85072373,2,0.07223359,-0.2805901
Cytarabine,1006,Hs-746T,1240151,STAD,digestive_system,stomach,3.09704565,0.94528707,2,0.09167577,0.67640967
Cytarabine,1006,IM-95,1240155,STAD,digestive_system,stomach,3.99077185,0.98461772,2,0.02804736,1.06859542
Cytarabine,1006,RERF-GC-1B,1240209,STAD,digestive_system,stomach,3.53057609,0.97755234,2,0.05108275,0.8666519
Cytarabine,1006,FU97,1290806,STAD,digestive_system,stomach,2.44174325,0.92683959,2,0.05500782,0.38884927
Cytarabine,1006,NUGC-4,1298357,STAD,digestive_system,stomach,5.65144454,0.97673333,2,0.03661181,1.79733334
Cytarabine,1006,OCUM-1,1298358,STAD,digestive_system,stomach,1.09489622,0.8580398,2,0.05760654,-0.2021754
Cytarabine,1006,HSC-39,1322224,STAD,digestive_system,stomach,-1.9550459,0.61398843,2,0.18771794,-1.5405538
Cytarabine,1006,SK-GT-2,1503364,STAD,digestive_system,stomach,2.04086767,0.94246886,2,0.0498317,0.21293668
Cytarabine,1006,HCT-116,905936,COREAD,digestive_system,large_intestine,-1.805070185,0.622575699,2,0.132234517,-1.474741311
Cytarabine,1006,HCT-15,905937,COREAD,digestive_system,large_intestine,0.83868983,0.881025564,2,0.120373765,-0.31460411
Cytarabine,1006,HT-29,905939,COREAD,digestive_system,large_intestine,1.84582851,0.916463464,2,0.107980868,0.127349412
Cytarabine,1006,COLO-205,905961,COREAD,digestive_system,large_intestine,0.004383054,0.802356171,2,0.116971259,-0.680715377
Cytarabine,1006,SW620,905962,COREAD,digestive_system,large_intestine,1.067516481,0.86138037,2,0.076460304,-0.214190188
Cytarabine,1006,HCC2998,905971,COREAD,digestive_system,large_intestine,-0.480456772,0.78233267,2,0.15509282,-0.893473235
Cytarabine,1006,KM12,905989,COREAD,digestive_system,large_intestine,0.619815789,0.855875868,2,0.119222313,-0.410650618
Cytarabine,1006,HT55,907287,COREAD,digestive_system,large_intestine,3.03474586,0.955875472,2,0.040219501,0.649071217
Cytarabine,1006,GP5d,907291,COREAD,digestive_system,large_intestine,-1.235912036,0.69344645,2,0.208367806,-1.224982809
Cytarabine,1006,LoVo,907790,COREAD,digestive_system,large_intestine,-0.405925505,0.748256068,2,0.156604239,-0.860767356
Cytarabine,1006,LS-123,907792,COREAD,digestive_system,large_intestine,4.308020905,0.948639322,2,0.076414199,1.207810943
Cytarabine,1006,LS-411N,907794,COREAD,digestive_system,large_intestine,1.350253023,0.88572552,2,0.096564041,-0.090119479
Cytarabine,1006,NCI-H747,908457,COREAD,digestive_system,large_intestine,3.299306149,0.936957609,2,0.061766907,0.765165806
Cytarabine,1006,NCI-H716,908458,COREAD,digestive_system,large_intestine,2.619373187,0.942138607,2,0.029471373,0.466796999
Cytarabine,1006,RCM-1,909263,COREAD,digestive_system,large_intestine,4.801077559,0.974139104,2,0.089083349,1.424174517
Cytarabine,1006,RKO,909698,COREAD,digestive_system,large_intestine,-0.617395535,0.763214355,2,0.083695101,-0.953564829
Cytarabine,1006,SK-CO-1,909718,COREAD,digestive_system,large_intestine,0.093953092,0.81363956,2,0.110377522,-0.64141017
Cytarabine,1006,SNU-C2B,909740,COREAD,digestive_system,large_intestine,4.042454576,0.953607641,2,0.056716411,1.091274883
Cytarabine,1006,SW1116,909746,COREAD,digestive_system,large_intestine,4.485527052,0.983236737,2,0.063933472,1.285704354
Cytarabine,1006,SW1417,909747,COREAD,digestive_system,large_intestine,5.986711769,0.960960437,2,0.061351591,1.944455612
Cytarabine,1006,SW1463,909748,COREAD,digestive_system,large_intestine,1.441036782,0.903303946,2,0.106272025,-0.050281667
Cytarabine,1006,SW48,909751,COREAD,digestive_system,large_intestine,3.407591982,0.964349583,2,0.052404249,0.812683895
Cytarabine,1006,SW837,909755,COREAD,digestive_system,large_intestine,3.881668883,0.975749451,2,0.017499247,1.020718757
Cytarabine,1006,SW948,909757,COREAD,digestive_system,large_intestine,2.212349096,0.933622908,2,0.090540014,0.288186313
Cytarabine,1006,T84,909761,COREAD,digestive_system,large_intestine,3.487513313,0.977038684,2,0.127360429,0.847755047
Cytarabine,1006,CW-2,910554,COREAD,digestive_system,large_intestine,-0.845497026,0.735772493,2,0.190659788,-1.053660535
Cytarabine,1006,COLO-320-HSR,910569,COREAD,digestive_system,large_intestine,-1.57918497,0.657223795,2,0.255670323,-1.375618153
Cytarabine,1006,COLO-678,910689,COREAD,digestive_system,large_intestine,6.67818685,0.971003976,2,0.050121071,2.247889343
Cytarabine,1006,C2BBe1,910700,COREAD,digestive_system,large_intestine,2.917281126,0.922890141,2,0.093003083,0.597525234
Cytarabine,1006,SNU-C1,910905,COREAD,digestive_system,large_intestine,4.534687943,0.978223041,2,0.036545283,1.307277181
Cytarabine,1006,LS-1034,917486,COREAD,digestive_system,large_intestine,3.054222916,0.973951821,2,0.113001004,0.657618156
Cytarabine,1006,CaR-1,924108,COREAD,digestive_system,large_intestine,3.836523202,0.981205248,2,0.061483565,1.000907887
Cytarabine,1006,LS-180,998189,COREAD,digestive_system,large_intestine,0.920694946,0.859919934,2,0.078933012,-0.27861855
Cytarabine,1006,CCK-81,1240123,COREAD,digestive_system,large_intestine,3.1963011,0.978679003,2,0.085551446,0.719965036
Cytarabine,1006,MDST8,1240173,COREAD,digestive_system,large_intestine,-0.793601614,0.73736784,2,0.075054222,-1.030887743
Cytarabine,1006,CL-11,1290769,COREAD,digestive_system,large_intestine,2.199201084,0.891329153,2,0.042770688,0.28241669
Cytarabine,1006,SNU-175,1659928,COREAD,digestive_system,large_intestine,-1.907353736,0.607364907,2,0.152831713,-1.519625473
Cytarabine,1006,SNU-407,1660034,COREAD,digestive_system,large_intestine,2.260588165,0.938269723,2,0.035214078,0.309354625
Cytarabine,1006,SNU-61,1660035,COREAD,digestive_system,large_intestine,4.246428299,0.983518835,2,0.074065052,1.180782819
Cytarabine,1006,SNU-C5,1674021,COREAD,digestive_system,large_intestine,1.349858195,0.885426243,2,0.132839449,-0.090292738
Cytarabine,1006,DiFi,1789883,COREAD,digestive_system,large_intestine,1.65489413,0.917309071,2,0.042427419,0.043563411
Docetaxel,1007,TE-5,735784,ESCA,aero_digestive_tract,oesophagus,-4.892539784,0.813495855,0.0125,0.08563542,-0.341615147
Docetaxel,1007,EC-GI-10,753555,ESCA,aero_digestive_tract,oesophagus,-6.521289771,0.663213279,0.0125,0.109205961,-1.379441607
Docetaxel,1007,HCE-4,753559,ESCA,aero_digestive_tract,oesophagus,-5.263747297,0.815419153,0.0125,0.043810256,-0.578145605
Docetaxel,1007,KYSE-140,753573,ESCA,aero_digestive_tract,oesophagus,-4.514367773,0.860296014,0.0125,0.107681108,-0.100646968
Docetaxel,1007,KYSE-410,753574,ESCA,aero_digestive_tract,oesophagus,-3.812220767,0.848924699,0.0125,0.060233535,0.346755486
Docetaxel,1007,KYSE-520,753575,ESCA,aero_digestive_tract,oesophagus,-3.183136684,0.879865433,0.0125,0.071855659,0.74760283
Docetaxel,1007,KYSE-70,753576,ESCA,aero_digestive_tract,oesophagus,-2.73683582,0.927954416,0.0125,0.063866503,1.031982169
Docetaxel,1007,TE-15,753614,ESCA,aero_digestive_tract,oesophagus,-5.492453125,0.764036165,0.0125,0.084620716,-0.723875128
Docetaxel,1007,TE-1,753621,ESCA,aero_digestive_tract,oesophagus,-4.863037491,0.805348843,0.0125,0.084160304,-0.322816522
Docetaxel,1007,TE-10,753622,ESCA,aero_digestive_tract,oesophagus,-5.901183736,0.739708392,0.0125,0.139947812,-0.984315003
Docetaxel,1007,TE-8,753623,ESCA,aero_digestive_tract,oesophagus,-5.34243874,0.764996984,0.0125,0.080066124,-0.628287162
Docetaxel,1007,COLO-680N,906817,ESCA,aero_digestive_tract,oesophagus,-2.478605601,0.926282811,0.0125,0.06019802,1.196524398
Docetaxel,1007,KYSE-150,907317,ESCA,aero_digestive_tract,oesophagus,-6.246161951,0.689601146,0.0125,0.081437237,-1.204132361
Docetaxel,1007,KYSE-180,907318,ESCA,aero_digestive_tract,oesophagus,-5.979551625,0.739895147,0.0125,0.104445009,-1.034250395
Docetaxel,1007,KYSE-270,907319,ESCA,aero_digestive_tract,oesophagus,-4.476371818,0.866544047,0.0125,0.06382289,-0.076436249
Docetaxel,1007,KYSE-450,907320,ESCA,aero_digestive_tract,oesophagus,-5.025014476,0.804024266,0.0125,0.078190131,-0.426026961
Docetaxel,1007,KYSE-510,907321,ESCA,aero_digestive_tract,oesophagus,-5.249787449,0.819742629,0.0125,0.065420663,-0.569250501
Docetaxel,1007,OE19,910079,ESCA,aero_digestive_tract,oesophagus,-4.978557123,0.798920731,0.0125,0.114983071,-0.396424708
Docetaxel,1007,OE33,910549,ESCA,aero_digestive_tract,oesophagus,-4.168147064,0.85093942,0.0125,0.085093095,0.119962098
Docetaxel,1007,TE-9,946353,ESCA,aero_digestive_tract,oesophagus,-5.953267238,0.730363905,0.0125,0.107896883,-1.017502193
Docetaxel,1007,TE-11,946354,ESCA,aero_digestive_tract,oesophagus,-7.099341197,0.597403695,0.0125,0.141936166,-1.74777135
Docetaxel,1007,TE-6,946355,ESCA,aero_digestive_tract,oesophagus,-4.379687761,0.84189578,0.0125,0.083481924,-0.014829942
Docetaxel,1007,TE-12,946356,ESCA,aero_digestive_tract,oesophagus,-4.497314649,0.821633931,0.0125,0.069676367,-0.089780854
Docetaxel,1007,KYSE-220,1240167,ESCA,aero_digestive_tract,oesophagus,-6.558199366,0.654276896,0.0125,0.114508481,-1.402960105
Docetaxel,1007,KYSE-50,1298222,ESCA,aero_digestive_tract,oesophagus,-4.404197291,0.877317146,0.0125,0.066623114,-0.030447218
Docetaxel,1007,OE21,1298359,ESCA,aero_digestive_tract,oesophagus,-4.988045265,0.804868802,0.0125,0.070947055,-0.402470476
Docetaxel,1007,T-T,1299064,ESCA,aero_digestive_tract,oesophagus,-5.437176773,0.789356216,0.0125,0.113901726,-0.688653479
Docetaxel,1007,FLO-1,1503361,ESCA,aero_digestive_tract,oesophagus,-6.139127109,0.694085398,0.0125,0.113498389,-1.135930616
Docetaxel,1007,OACp4C,1503362,ESCA,aero_digestive_tract,oesophagus,-5.657241026,0.755384332,0.0125,0.097166093,-0.82887666
Docetaxel,1007,OACM5-1,1503363,ESCA,aero_digestive_tract,oesophagus,-4.508557548,0.83929091,0.0125,0.091589892,-0.096944739
Docetaxel,1007,SK-GT-4,1503365,ESCA,aero_digestive_tract,oesophagus,-3.631033569,0.828319124,0.0125,0.07999205,0.462206518
Docetaxel,1007,ESO26,1503366,ESCA,aero_digestive_tract,oesophagus,-3.593541407,0.913396685,0.0125,0.071271145,0.486096224
Docetaxel,1007,ESO51,1503367,ESCA,aero_digestive_tract,oesophagus,-3.754742674,0.89156741,0.0125,0.095995228,0.383380067
Docetaxel,1007,KYAE-1,1503368,ESCA,aero_digestive_tract,oesophagus,-1.44833131,0.988727571,0.0125,0.039649897,1.853006933
Docetaxel,1007,TE-4,1503371,ESCA,aero_digestive_tract,oesophagus,-5.414105531,0.798976769,0.0125,0.081017309,-0.673952668
Docetaxel,1007,AGS,906790,STAD,digestive_system,stomach,-4.575598769,0.861602626,0.0125,0.057380498,-0.139662869
Docetaxel,1007,GCIY,906869,STAD,digestive_system,stomach,-3.365747007,0.888133448,0.0125,0.09649486,0.631244993
Docetaxel,1007,HGC-27,907055,STAD,digestive_system,stomach,-6.315421423,0.697901617,0.0125,0.101585362,-1.248263942
Docetaxel,1007,KATOIII,907276,STAD,digestive_system,stomach,-2.079599072,0.925237167,0.0125,0.060029563,1.450768166
Docetaxel,1007,MKN28,908139,STAD,digestive_system,stomach,-3.874373296,0.875113093,0.0125,0.069940669,0.307152392
Docetaxel,1007,SNU-1,908444,STAD,digestive_system,stomach,-4.065706309,0.905389664,0.0125,0.160113059,0.185236527
Docetaxel,1007,SNU-5,908445,STAD,digestive_system,stomach,-4.491216232,0.873264776,0.0125,0.060794349,-0.085894991
Docetaxel,1007,SNU-16,908446,STAD,digestive_system,stomach,-7.099231219,0.601246573,0.0125,0.105012393,-1.747701272
Docetaxel,1007,NUGC-3,908455,STAD,digestive_system,stomach,-5.394280805,0.765266553,0.0125,0.082465365,-0.661320511
Docetaxel,1007,NCI-N87,908461,STAD,digestive_system,stomach,-3.025369744,0.892918976,0.0125,0.088637044,0.848130662
Docetaxel,1007,RF-48,909697,STAD,digestive_system,stomach,-5.276041209,0.800890083,0.0125,0.112450166,-0.585979186
Docetaxel,1007,TGBC11TKB,909770,STAD,digestive_system,stomach,-5.037596684,0.809534059,0.0125,0.128728786,-0.434044243
Docetaxel,1007,23132-87,910924,STAD,digestive_system,stomach,-4.860779848,0.833893304,0.0125,0.152521399,-0.32137797
Docetaxel,1007,MKN7,924250,STAD,digestive_system,stomach,-3.066725503,0.902424861,0.0125,0.100823742,0.821779103
Docetaxel,1007,MKN45,925340,STAD,digestive_system,stomach,-3.965115097,0.863049814,0.0125,0.087102098,0.249332442
Docetaxel,1007,Hs-746T,1240151,STAD,digestive_system,stomach,-3.992557702,0.856489777,0.0125,0.070104185,0.231846234
Docetaxel,1007,IM-95,1240155,STAD,digestive_system,stomach,-3.820151771,0.903694802,0.0125,0.086512481,0.341701914
Docetaxel,1007,RERF-GC-1B,1240209,STAD,digestive_system,stomach,-4.871167025,0.827510122,0.0125,0.084962695,-0.327996596
Docetaxel,1007,FU97,1290806,STAD,digestive_system,stomach,-2.32410322,0.937582061,0.0125,0.096107469,1.29497208
Docetaxel,1007,NUGC-4,1298357,STAD,digestive_system,stomach,-1.766120838,0.931835907,0.0125,0.080243777,1.650513988
Docetaxel,1007,OCUM-1,1298358,STAD,digestive_system,stomach,-3.478015781,0.886706438,0.0125,0.08333231,0.559708229
Docetaxel,1007,TMK-1,1299069,STAD,digestive_system,stomach,-6.064903105,0.711848851,0.0125,0.148561695,-1.088635675
Docetaxel,1007,HSC-39,1322224,STAD,digestive_system,stomach,-7.099302437,0.604280228,0.0125,0.111238292,-1.747746652
Docetaxel,1007,SK-GT-2,1503364,STAD,digestive_system,stomach,-6.090574215,0.710718693,0.0125,0.109170239,-1.1049931
Docetaxel,1007,HCT-116,905936,COREAD,digestive_system,large_intestine,-5.441598732,0.788568828,0.0125,0.098971913,-0.691471116
Docetaxel,1007,HCT-15,905937,COREAD,digestive_system,large_intestine,-4.194000896,0.883877116,0.0125,0.124026375,0.103488243
Docetaxel,1007,HT-29,905939,COREAD,digestive_system,large_intestine,-5.602462934,0.746934271,0.0125,0.117659694,-0.793972498
Docetaxel,1007,COLO-205,905961,COREAD,digestive_system,large_intestine,-5.353383199,0.776768183,0.0125,0.111366529,-0.635260884
Docetaxel,1007,SW620,905962,COREAD,digestive_system,large_intestine,-4.121265625,0.85415031,0.0125,0.082186001,0.149834575
Docetaxel,1007,HCC2998,905971,COREAD,digestive_system,large_intestine,-5.753865942,0.760795213,0.0125,0.087563508,-0.890445283
Docetaxel,1007,KM12,905989,COREAD,digestive_system,large_intestine,-5.153756901,0.798752274,0.0125,0.117334269,-0.508060604
Docetaxel,1007,HT55,907287,COREAD,digestive_system,large_intestine,-4.17355642,0.861391987,0.0125,0.060995921,0.116515299
Docetaxel,1007,HT-115,907289,COREAD,digestive_system,large_intestine,-3.825570664,0.917391266,0.0125,0.050247269,0.338249038
Docetaxel,1007,GP5d,907291,COREAD,digestive_system,large_intestine,-6.167459338,0.710447237,0.0125,0.102153837,-1.153983686
Docetaxel,1007,LoVo,907790,COREAD,digestive_system,large_intestine,-5.485595291,0.747845339,0.0125,0.143953442,-0.719505371
Docetaxel,1007,LS-123,907792,COREAD,digestive_system,large_intestine,-2.927519777,0.87759734,0.0125,0.089842009,0.910479877
Docetaxel,1007,LS-411N,907794,COREAD,digestive_system,large_intestine,-1.995289095,0.954805186,0.0125,0.103208686,1.504489809
Docetaxel,1007,LS-513,907795,COREAD,digestive_system,large_intestine,-4.631399435,0.840427112,0.0125,0.07433085,-0.175218607
Docetaxel,1007,NCI-H508,908442,COREAD,digestive_system,large_intestine,-5.045645712,0.803229258,0.0125,0.057129039,-0.439173019
Docetaxel,1007,NCI-H747,908457,COREAD,digestive_system,large_intestine,-1.684579362,0.939547007,0.0125,0.060695645,1.702471564
Docetaxel,1007,NCI-H716,908458,COREAD,digestive_system,large_intestine,-2.824996135,0.929067633,0.0125,0.098517785,0.975807122
Docetaxel,1007,RCM-1,909263,COREAD,digestive_system,large_intestine,-2.153574885,0.933413552,0.0125,0.099303192,1.40363137
Docetaxel,1007,RKO,909698,COREAD,digestive_system,large_intestine,-5.625824065,0.77035359,0.0125,0.065432384,-0.808858024
Docetaxel,1007,SK-CO-1,909718,COREAD,digestive_system,large_intestine,-5.381165819,0.77739595,0.0125,0.081237864,-0.652963747
Docetaxel,1007,SNU-C2B,909740,COREAD,digestive_system,large_intestine,-3.104646457,0.884334069,0.0125,0.079756922,0.797616174
Docetaxel,1007,SW1116,909746,COREAD,digestive_system,large_intestine,-2.695162342,0.939078538,0.0125,0.062494445,1.058536176
Docetaxel,1007,SW1417,909747,COREAD,digestive_system,large_intestine,-0.015726525,0.944995789,0.0125,0.058738214,2.765851239
Docetaxel,1007,SW1463,909748,COREAD,digestive_system,large_intestine,-3.80360842,0.893932549,0.0125,0.112761524,0.352243205
Docetaxel,1007,SW48,909751,COREAD,digestive_system,large_intestine,-6.330319238,0.670549887,0.0125,0.132877438,-1.257756711
Docetaxel,1007,SW837,909755,COREAD,digestive_system,large_intestine,-2.490938482,0.946383778,0.0125,0.058148382,1.188665985
Docetaxel,1007,SW948,909757,COREAD,digestive_system,large_intestine,-5.168137257,0.788959656,0.0125,0.110198077,-0.517223652
Docetaxel,1007,T84,909761,COREAD,digestive_system,large_intestine,-3.461844297,0.92080478,0.0125,0.103418559,0.570012569
Docetaxel,1007,CW-2,910554,COREAD,digestive_system,large_intestine,-2.061199451,0.975884562,0.0125,0.056472028,1.462492257
Docetaxel,1007,COLO-320-HSR,910569,COREAD,digestive_system,large_intestine,-4.005748712,0.921870628,0.0125,0.112967071,0.223441028
Docetaxel,1007,COLO-678,910689,COREAD,digestive_system,large_intestine,0.584884278,0.957281734,0.0125,0.056696222,3.148555637
Docetaxel,1007,C2BBe1,910700,COREAD,digestive_system,large_intestine,-1.958731503,0.929405919,0.0125,0.072960249,1.527784014
Docetaxel,1007,SNU-C1,910905,COREAD,digestive_system,large_intestine,-0.352465209,0.980474876,0.0125,0.044978688,2.551284044
Docetaxel,1007,LS-1034,917486,COREAD,digestive_system,large_intestine,-3.723672497,0.915324604,0.0125,0.096141538,0.403177735
Docetaxel,1007,CaR-1,924108,COREAD,digestive_system,large_intestine,-4.386695647,0.863741034,0.0125,0.076039501,-0.019295311
Docetaxel,1007,LS-180,998189,COREAD,digestive_system,large_intestine,-3.689558316,0.888085235,0.0125,0.074062496,0.424915018
Docetaxel,1007,CCK-81,1240123,COREAD,digestive_system,large_intestine,-3.003922129,0.950665882,0.0125,0.094748375,0.86179691
Docetaxel,1007,MDST8,1240173,COREAD,digestive_system,large_intestine,-5.73550166,0.751639489,0.0125,0.074273588,-0.878743709
Docetaxel,1007,CL-11,1290769,COREAD,digestive_system,large_intestine,-2.539083113,0.905453232,0.0125,0.081802724,1.157988612
Docetaxel,1007,SNU-175,1659928,COREAD,digestive_system,large_intestine,-6.406681562,0.676913916,0.0125,0.144367594,-1.306414173
Docetaxel,1007,SNU-407,1660034,COREAD,digestive_system,large_intestine,-4.145314204,0.871244115,0.0125,0.065706757,0.134511013
Docetaxel,1007,SNU-61,1660035,COREAD,digestive_system,large_intestine,-2.792506487,0.941556996,0.0125,0.054250573,0.996509266
Docetaxel,1007,SNU-81,1660036,COREAD,digestive_system,large_intestine,-3.837040834,0.927393351,0.0125,0.06774375,0.330940338
Docetaxel,1007,SNU-C5,1674021,COREAD,digestive_system,large_intestine,-4.89135647,0.805047095,0.0125,0.084965508,-0.340861149
Docetaxel,1007,DiFi,1789883,COREAD,digestive_system,large_intestine,-4.357181598,0.86185496,0.0125,0.055197086,-0.000489195
Vinblastine,1004,TE-5,735784,ESCA,aero_digestive_tract,oesophagus,-2.660117309,0.82589135,0.1,0.160110442,0.382743678
Vinblastine,1004,EC-GI-10,753555,ESCA,aero_digestive_tract,oesophagus,-5.661665252,0.511989764,0.1,0.133292771,-0.99553703
Vinblastine,1004,KYSE-140,753573,ESCA,aero_digestive_tract,oesophagus,-2.779854689,0.832743742,0.1,0.103134771,0.327761474
Vinblastine,1004,KYSE-410,753574,ESCA,aero_digestive_tract,oesophagus,-2.401850775,0.805825975,0.1,0.088447648,0.50133708
Vinblastine,1004,KYSE-520,753575,ESCA,aero_digestive_tract,oesophagus,-1.974657965,0.831363054,0.1,0.117220925,0.697499734
Vinblastine,1004,KYSE-70,753576,ESCA,aero_digestive_tract,oesophagus,-1.877012327,0.867897816,0.1,0.079312504,0.742337631
Vinblastine,1004,TE-1,753621,ESCA,aero_digestive_tract,oesophagus,-4.292272792,0.663253349,0.1,0.158144109,-0.366725748
Vinblastine,1004,TE-8,753623,ESCA,aero_digestive_tract,oesophagus,-4.368286822,0.655510466,0.1,0.151598928,-0.401630628
Vinblastine,1004,COLO-680N,906817,ESCA,aero_digestive_tract,oesophagus,0.174567826,0.944539945,0.1,0.070589099,1.684402659
Vinblastine,1004,KYSE-150,907317,ESCA,aero_digestive_tract,oesophagus,-4.888816712,0.605808476,0.1,0.061297393,-0.640652732
Vinblastine,1004,KYSE-180,907318,ESCA,aero_digestive_tract,oesophagus,-4.772435036,0.63093546,0.1,0.117650044,-0.587211434
Vinblastine,1004,KYSE-270,907319,ESCA,aero_digestive_tract,oesophagus,-1.227121054,0.934814742,0.1,0.102726477,1.040761185
Vinblastine,1004,KYSE-450,907320,ESCA,aero_digestive_tract,oesophagus,-3.827178052,0.720220672,0.1,0.111382229,-0.153158909
Vinblastine,1004,OE19,910079,ESCA,aero_digestive_tract,oesophagus,-4.67105212,0.623815758,0.1,0.179181887,-0.540657416
Vinblastine,1004,OE33,910549,ESCA,aero_digestive_tract,oesophagus,-1.588247912,0.881302834,0.1,0.133378673,0.874935354
Vinblastine,1004,TE-9,946353,ESCA,aero_digestive_tract,oesophagus,-3.892290349,0.728310855,0.1,0.166121036,-0.183057822
Vinblastine,1004,TE-6,946355,ESCA,aero_digestive_tract,oesophagus,-3.037634228,0.784305987,0.1,0.099523464,0.209391696
Vinblastine,1004,KYSE-220,1240167,ESCA,aero_digestive_tract,oesophagus,-4.805743779,0.615840251,0.1,0.086311711,-0.602506475
Vinblastine,1004,KYSE-50,1298222,ESCA,aero_digestive_tract,oesophagus,-2.813022666,0.838415551,0.1,0.073810553,0.312531072
Vinblastine,1004,OE21,1298359,ESCA,aero_digestive_tract,oesophagus,-3.982004266,0.702382665,0.1,0.108263146,-0.224253553
Vinblastine,1004,T-T,1299064,ESCA,aero_digestive_tract,oesophagus,-5.654337946,0.51322365,0.1,0.151384888,-0.992172405
Vinblastine,1004,FLO-1,1503361,ESCA,aero_digestive_tract,oesophagus,-4.913200434,0.599087758,0.1,0.146618108,-0.651849493
Vinblastine,1004,OACp4C,1503362,ESCA,aero_digestive_tract,oesophagus,-3.99738791,0.710708915,0.1,0.219075328,-0.231317568
Vinblastine,1004,OACM5-1,1503363,ESCA,aero_digestive_tract,oesophagus,-4.236680844,0.673042044,0.1,0.100367998,-0.341198483
Vinblastine,1004,SK-GT-4,1503365,ESCA,aero_digestive_tract,oesophagus,-2.358664537,0.779241929,0.1,0.07246194,0.521167768
Vinblastine,1004,ESO26,1503366,ESCA,aero_digestive_tract,oesophagus,-3.169415671,0.793496983,0.1,0.133825695,0.148878979
Vinblastine,1004,ESO51,1503367,ESCA,aero_digestive_tract,oesophagus,-4.11769584,0.687694547,0.1,0.044003157,-0.286561763
Vinblastine,1004,KYAE-1,1503368,ESCA,aero_digestive_tract,oesophagus,-0.099815641,0.978971352,0.1,0.029722734,1.558408523
Vinblastine,1004,TE-4,1503371,ESCA,aero_digestive_tract,oesophagus,-5.863778372,0.48570981,0.1,0.195800205,-1.088345347
Vinblastine,1004,AGS,906790,STAD,digestive_system,stomach,-5.264569761,0.56268332,0.1,0.163258605,-0.813194764
Vinblastine,1004,GCIY,906869,STAD,digestive_system,stomach,-0.794724681,0.910875792,0.1,0.079321038,1.239313262
Vinblastine,1004,HGC-27,907055,STAD,digestive_system,stomach,-5.819468822,0.491543874,0.1,0.106854668,-1.067998846
Vinblastine,1004,KATOIII,907276,STAD,digestive_system,stomach,-0.519590918,0.90630861,0.1,0.060352852,1.365651926
Vinblastine,1004,MKN28,908139,STAD,digestive_system,stomach,-4.998001601,0.586311443,0.1,0.135014032,-0.690789338
Vinblastine,1004,SNU-1,908444,STAD,digestive_system,stomach,-1.426801628,0.935615853,0.1,0.188901173,0.949069868
Vinblastine,1004,SNU-5,908445,STAD,digestive_system,stomach,-4.361992257,0.676751599,0.1,0.122886989,-0.398740227
Vinblastine,1004,SNU-16,908446,STAD,digestive_system,stomach,-6.354914309,0.417545593,0.1,0.145149527,-1.313870043
Vinblastine,1004,NUGC-3,908455,STAD,digestive_system,stomach,-2.73071524,0.815744246,0.1,0.117323524,0.350325816
Vinblastine,1004,NCI-N87,908461,STAD,digestive_system,stomach,-0.093997287,0.926539086,0.1,0.120171457,1.561080253
Vinblastine,1004,RF-48,909697,STAD,digestive_system,stomach,-5.690447608,0.508413784,0.1,0.112282606,-1.008753599
Vinblastine,1004,TGBC11TKB,909770,STAD,digestive_system,stomach,-4.672732573,0.630711772,0.1,0.130298981,-0.541429063
Vinblastine,1004,23132-87,910924,STAD,digestive_system,stomach,-4.849421925,0.613220386,0.1,0.20390028,-0.622563041
Vinblastine,1004,MKN7,924250,STAD,digestive_system,stomach,1.154407585,0.96654667,0.1,0.031253109,2.134335248
Vinblastine,1004,MKN45,925340,STAD,digestive_system,stomach,-3.361787494,0.750416829,0.1,0.066675869,0.060543767
Vinblastine,1004,Hs-746T,1240151,STAD,digestive_system,stomach,-1.91532999,0.856352093,0.1,0.162510041,0.724742545
Vinblastine,1004,IM-95,1240155,STAD,digestive_system,stomach,-4.98455053,0.59553748,0.1,0.160457814,-0.684612741
Vinblastine,1004,RERF-GC-1B,1240209,STAD,digestive_system,stomach,-1.984125047,0.887046761,0.1,0.244676919,0.693152544
Vinblastine,1004,FU97,1290806,STAD,digestive_system,stomach,-3.650380521,0.722646405,0.1,0.091433925,-0.071975256
Vinblastine,1004,NUGC-4,1298357,STAD,digestive_system,stomach,2.239614271,0.971678202,0.1,0.048697331,2.632651272
Vinblastine,1004,OCUM-1,1298358,STAD,digestive_system,stomach,-1.940567791,0.855563595,0.1,0.073812373,0.713153599
Vinblastine,1004,HSC-39,1322224,STAD,digestive_system,stomach,-5.949925895,0.472482612,0.1,0.104263264,-1.127903426
Vinblastine,1004,SK-GT-2,1503364,STAD,digestive_system,stomach,-5.080757346,0.584270691,0.1,0.212560027,-0.728789946
Vinblastine,1004,HCT-116,905936,COREAD,digestive_system,large_intestine,-5.050007918,0.591052098,0.1,0.096862731,-0.714670117
Vinblastine,1004,HCT-15,905937,COREAD,digestive_system,large_intestine,-4.138240306,0.697218145,0.1,0.105718145,-0.295995576
Vinblastine,1004,HT-29,905939,COREAD,digestive_system,large_intestine,-4.194574124,0.678309581,0.1,0.177310588,-0.321863499
Vinblastine,1004,COLO-205,905961,COREAD,digestive_system,large_intestine,-5.38997516,0.54409374,0.1,0.182574292,-0.870779665
Vinblastine,1004,SW620,905962,COREAD,digestive_system,large_intestine,-3.916194095,0.698588292,0.1,0.170141205,-0.194034183
Vinblastine,1004,HCC2998,905971,COREAD,digestive_system,large_intestine,-5.59175471,0.521717409,0.1,0.178535002,-0.96343481
Vinblastine,1004,KM12,905989,COREAD,digestive_system,large_intestine,-5.658831626,0.511898156,0.1,0.093592875,-0.994235857
Vinblastine,1004,HT55,907287,COREAD,digestive_system,large_intestine,-3.16579771,0.777956673,0.1,0.075356576,0.15054031
Vinblastine,1004,GP5d,907291,COREAD,digestive_system,large_intestine,-5.612748045,0.518713652,0.1,0.122180033,-0.973074739
Vinblastine,1004,LoVo,907790,COREAD,digestive_system,large_intestine,-4.555728951,0.632998687,0.1,0.108383031,-0.487702174
Vinblastine,1004,LS-123,907792,COREAD,digestive_system,large_intestine,-1.25438246,0.857787532,0.1,0.090546854,1.028243021
Vinblastine,1004,LS-411N,907794,COREAD,digestive_system,large_intestine,-3.786761743,0.716729818,0.1,0.068602688,-0.134600145
Vinblastine,1004,NCI-H747,908457,COREAD,digestive_system,large_intestine,-0.699987392,0.90150358,0.1,0.071914793,1.282815675
Vinblastine,1004,NCI-H716,908458,COREAD,digestive_system,large_intestine,-1.819619715,0.876485128,0.1,0.074632594,0.768691743
Vinblastine,1004,RCM-1,909263,COREAD,digestive_system,large_intestine,1.741830234,0.973270632,0.1,0.050891595,2.404073836
Vinblastine,1004,RKO,909698,COREAD,digestive_system,large_intestine,-5.496390994,0.533775161,0.1,0.11267212,-0.919644748
Vinblastine,1004,SK-CO-1,909718,COREAD,digestive_system,large_intestine,-5.67579677,0.509814846,0.1,0.169318865,-1.002026081
Vinblastine,1004,SNU-C2B,909740,COREAD,digestive_system,large_intestine,-3.229828405,0.740619745,0.1,0.123645408,0.121138057
Vinblastine,1004,SW1116,909746,COREAD,digestive_system,large_intestine,0.529460186,0.969331556,0.1,0.075397435,1.847365671
Vinblastine,1004,SW1417,909747,COREAD,digestive_system,large_intestine,0.762405699,0.91253509,0.1,0.071096096,1.954331914
Vinblastine,1004,SW1463,909748,COREAD,digestive_system,large_intestine,-2.210796255,0.863232187,0.1,0.132886632,0.589067399
Vinblastine,1004,SW48,909751,COREAD,digestive_system,large_intestine,-4.782346215,0.612144333,0.1,0.144982617,-0.591762548
Vinblastine,1004,SW837,909755,COREAD,digestive_system,large_intestine,-1.084141575,0.921153012,0.1,0.076605953,1.106415927
Vinblastine,1004,SW948,909757,COREAD,digestive_system,large_intestine,-4.299561096,0.668136353,0.1,0.236366071,-0.370072464
Vinblastine,1004,T84,909761,COREAD,digestive_system,large_intestine,-3.682285965,0.743575068,0.1,0.135848527,-0.086625915
Vinblastine,1004,CW-2,910554,COREAD,digestive_system,large_intestine,-2.950365317,0.82615697,0.1,0.103607021,0.249464704
Vinblastine,1004,COLO-320-HSR,910569,COREAD,digestive_system,large_intestine,-5.295009269,0.562169703,0.1,0.120160387,-0.82717228
Vinblastine,1004,COLO-678,910689,COREAD,digestive_system,large_intestine,3.888673562,0.973217697,0.1,0.071520415,3.389882758
Vinblastine,1004,C2BBe1,910700,COREAD,digestive_system,large_intestine,-0.681085135,0.899965154,0.1,0.03956213,1.291495402
Vinblastine,1004,SNU-C1,910905,COREAD,digestive_system,large_intestine,-1.129352195,0.906514666,0.1,0.057716285,1.085655664
Vinblastine,1004,LS-1034,917486,COREAD,digestive_system,large_intestine,-0.099504627,0.970744715,0.1,0.05208265,1.558551337
Vinblastine,1004,CaR-1,924108,COREAD,digestive_system,large_intestine,-3.718066934,0.738464788,0.1,0.142462006,-0.103056178
Vinblastine,1004,LS-180,998189,COREAD,digestive_system,large_intestine,-2.896678023,0.798690508,0.1,0.055440467,0.274117371
Vinblastine,1004,CCK-81,1240123,COREAD,digestive_system,large_intestine,-4.042402068,0.712569215,0.1,0.125687419,-0.251987618
Vinblastine,1004,MDST8,1240173,COREAD,digestive_system,large_intestine,-6.608270522,0.392966797,0.1,0.15801489,-1.430208675
Vinblastine,1004,CL-11,1290769,COREAD,digestive_system,large_intestine,-0.173766505,0.916210233,0.1,0.032917103,1.524451028
Vinblastine,1004,SNU-175,1659928,COREAD,digestive_system,large_intestine,-6.045833044,0.46326361,0.1,0.184330427,-1.171943027
Vinblastine,1004,SNU-407,1660034,COREAD,digestive_system,large_intestine,-3.990902769,0.703420391,0.1,0.124172782,-0.228339656
Vinblastine,1004,SNU-61,1660035,COREAD,digestive_system,large_intestine,-1.746361382,0.893877077,0.1,0.108948857,0.802331235
Vinblastine,1004,SNU-C5,1674021,COREAD,digestive_system,large_intestine,-4.598692826,0.631301387,0.1,0.113233502,-0.507430754
Vinblastine,1004,DiFi,1789883,COREAD,digestive_system,large_intestine,-4.375997906,0.664147117,0.1,0.098944194,-0.405171481